A,B,description,map
Metabolism,Global_map,Metabolic pathways,map01100
Metabolism,Global_map,Biosynthesis of secondary metabolites,map01110
Metabolism,Global_map,Microbial metabolism in diverse environments,map01120
Metabolism,Global_map,Carbon metabolism,map01200
Metabolism,Global_map,2-Oxocarboxylic acid metabolism,map01210
Metabolism,Global_map,Fatty acid metabolism,map01212
Metabolism,Global_map,Biosynthesis of amino acids,map01230
Metabolism,Global_map,Nucleotide metabolism,map01232
Metabolism,Global_map,Biosynthesis of nucleotide sugars,map01250
Metabolism,Global_map,Biosynthesis of cofactors,map01240
Metabolism,Global_map,Degradation of aromatic compounds,map01220
Metabolism,Carbohydrate metabolism,Glycolysis / Gluconeogenesis,map00010
Metabolism,Carbohydrate metabolism,Citrate cycle (TCA cycle),map00020
Metabolism,Carbohydrate metabolism,Pentose phosphate pathway,map00030
Metabolism,Carbohydrate metabolism,Pentose and glucuronate interconversions,map00040
Metabolism,Carbohydrate metabolism,Fructose and mannose metabolism,map00051
Metabolism,Carbohydrate metabolism,Galactose metabolism,map00052
Metabolism,Carbohydrate metabolism,Ascorbate and aldarate metabolism,map00053
Metabolism,Carbohydrate metabolism,Starch and sucrose metabolism,map00500
Metabolism,Carbohydrate metabolism,Amino sugar and nucleotide sugar metabolism,map00520
Metabolism,Carbohydrate metabolism,Pyruvate metabolism,map00620
Metabolism,Carbohydrate metabolism,Glyoxylate and dicarboxylate metabolism,map00630
Metabolism,Carbohydrate metabolism,Propanoate metabolism,map00640
Metabolism,Carbohydrate metabolism,Butanoate metabolism,map00650
Metabolism,Carbohydrate metabolism,C5-Branched dibasic acid metabolism,map00660
Metabolism,Carbohydrate metabolism,Inositol phosphate metabolism,map00562
Metabolism,Energy metabolism,Oxidative phosphorylation,map00190
Metabolism,Energy metabolism,Photosynthesis,map00195
Metabolism,Energy metabolism,Photosynthesis - antenna proteins,map00196
Metabolism,Energy metabolism,Carbon fixation in photosynthetic organisms,map00710
Metabolism,Energy metabolism,Carbon fixation pathways in prokaryotes,map00720
Metabolism,Energy metabolism,Methane metabolism,map00680
Metabolism,Energy metabolism,Nitrogen metabolism,map00910
Metabolism,Energy metabolism,Sulfur metabolism,map00920
Metabolism,Lipid metabolism,Fatty acid biosynthesis,map00061
Metabolism,Lipid metabolism,Fatty acid elongation,map00062
Metabolism,Lipid metabolism,Fatty acid degradation,map00071
Metabolism,Lipid metabolism,"Cutin, suberine and wax biosynthesis",map00073
Metabolism,Lipid metabolism,Steroid biosynthesis,map00100
Metabolism,Lipid metabolism,Primary bile acid biosynthesis,map00120
Metabolism,Lipid metabolism,Secondary bile acid biosynthesis,map00121
Metabolism,Lipid metabolism,Steroid hormone biosynthesis,map00140
Metabolism,Lipid metabolism,Glycerolipid metabolism,map00561
Metabolism,Lipid metabolism,Glycerophospholipid metabolism,map00564
Metabolism,Lipid metabolism,Ether lipid metabolism,map00565
Metabolism,Lipid metabolism,Sphingolipid metabolism,map00600
Metabolism,Lipid metabolism,Arachidonic acid metabolism,map00590
Metabolism,Lipid metabolism,Linoleic acid metabolism,map00591
Metabolism,Lipid metabolism,alpha-Linolenic acid metabolism,map00592
Metabolism,Lipid metabolism,Biosynthesis of unsaturated fatty acids,map01040
Metabolism,Nucleotide metabolism,Purine metabolism,map00230
Metabolism,Nucleotide metabolism,Pyrimidine metabolism,map00240
Metabolism,Amino acid metabolism,"Alanine, aspartate and glutamate metabolism",map00250
Metabolism,Amino acid metabolism,"Glycine, serine and threonine metabolism",map00260
Metabolism,Amino acid metabolism,Cysteine and methionine metabolism,map00270
Metabolism,Amino acid metabolism,"Valine, leucine and isoleucine degradation",map00280
Metabolism,Amino acid metabolism,"Valine, leucine and isoleucine biosynthesis",map00290
Metabolism,Amino acid metabolism,Lysine biosynthesis,map00300
Metabolism,Amino acid metabolism,Lysine degradation,map00310
Metabolism,Amino acid metabolism,Arginine biosynthesis,map00220
Metabolism,Amino acid metabolism,Arginine and proline metabolism,map00330
Metabolism,Amino acid metabolism,Histidine metabolism,map00340
Metabolism,Amino acid metabolism,Tyrosine metabolism,map00350
Metabolism,Amino acid metabolism,Phenylalanine metabolism,map00360
Metabolism,Amino acid metabolism,Tryptophan metabolism,map00380
Metabolism,Amino acid metabolism,"Phenylalanine, tyrosine and tryptophan biosynthesis",map00400
Metabolism,Metabolism of other amino acids,beta-Alanine metabolism,map00410
Metabolism,Metabolism of other amino acids,Taurine and hypotaurine metabolism,map00430
Metabolism,Metabolism of other amino acids,Phosphonate and phosphinate metabolism,map00440
Metabolism,Metabolism of other amino acids,Selenocompound metabolism,map00450
Metabolism,Metabolism of other amino acids,Cyanoamino acid metabolism,map00460
Metabolism,Metabolism of other amino acids,D-Amino acid metabolism,map00470
Metabolism,Metabolism of other amino acids,Glutathione metabolism,map00480
Metabolism,Glycan biosynthesis and metabolism,N-Glycan biosynthesis,map00510
Metabolism,Glycan biosynthesis and metabolism,Various types of N-glycan biosynthesis,map00513
Metabolism,Glycan biosynthesis and metabolism,Mucin type O-glycan biosynthesis,map00512
Metabolism,Glycan biosynthesis and metabolism,Mannose type O-glycan biosynthesis,map00515
Metabolism,Glycan biosynthesis and metabolism,Other types of O-glycan biosynthesis,map00514
Metabolism,Glycan biosynthesis and metabolism,Glycosaminoglycan biosynthesis - chondroitin sulfate / dermatan sulfate,map00532
Metabolism,Glycan biosynthesis and metabolism,Glycosaminoglycan biosynthesis - heparan sulfate / heparin,map00534
Metabolism,Glycan biosynthesis and metabolism,Glycosaminoglycan biosynthesis - keratan sulfate,map00533
Metabolism,Glycan biosynthesis and metabolism,Glycosaminoglycan degradation,map00531
Metabolism,Glycan biosynthesis and metabolism,Glycosylphosphatidylinositol (GPI)-anchor biosynthesis,map00563
Metabolism,Glycan biosynthesis and metabolism,Glycosphingolipid biosynthesis - lacto and neolacto series,map00601
Metabolism,Glycan biosynthesis and metabolism,Glycosphingolipid biosynthesis - globo and isoglobo series,map00603
Metabolism,Glycan biosynthesis and metabolism,Glycosphingolipid biosynthesis - ganglio series,map00604
Metabolism,Glycan biosynthesis and metabolism,Other glycan degradation,map00511
Metabolism,Glycan biosynthesis and metabolism,Lipopolysaccharide biosynthesis,map00540
Metabolism,Glycan biosynthesis and metabolism,O-Antigen repeat unit biosynthesis,map00542
Metabolism,Glycan biosynthesis and metabolism,O-Antigen nucleotide sugar biosynthesis,map00541
Metabolism,Glycan biosynthesis and metabolism,Peptidoglycan biosynthesis,map00550
Metabolism,Glycan biosynthesis and metabolism,Teichoic acid biosynthesis,map00552
Metabolism,Glycan biosynthesis and metabolism,Lipoarabinomannan (LAM) biosynthesis,map00571
Metabolism,Glycan biosynthesis and metabolism,Arabinogalactan biosynthesis - Mycobacterium,map00572
Metabolism,Glycan biosynthesis and metabolism,Exopolysaccharide biosynthesis,map00543
Metabolism,Metabolism of cofactors and vitamins,Thiamine metabolism,map00730
Metabolism,Metabolism of cofactors and vitamins,Riboflavin metabolism,map00740
Metabolism,Metabolism of cofactors and vitamins,Vitamin B6 metabolism,map00750
Metabolism,Metabolism of cofactors and vitamins,Nicotinate and nicotinamide metabolism,map00760
Metabolism,Metabolism of cofactors and vitamins,Pantothenate and CoA biosynthesis,map00770
Metabolism,Metabolism of cofactors and vitamins,Biotin metabolism,map00780
Metabolism,Metabolism of cofactors and vitamins,Lipoic acid metabolism,map00785
Metabolism,Metabolism of cofactors and vitamins,Folate biosynthesis,map00790
Metabolism,Metabolism of cofactors and vitamins,One carbon pool by folate,map00670
Metabolism,Metabolism of cofactors and vitamins,Retinol metabolism,map00830
Metabolism,Metabolism of cofactors and vitamins,Porphyrin metabolism,map00860
Metabolism,Metabolism of cofactors and vitamins,Ubiquinone and other terpenoid-quinone biosynthesis,map00130
Metabolism,Metabolism of terpenoids and polyketides,Terpenoid backbone biosynthesis,map00900
Metabolism,Metabolism of terpenoids and polyketides,Monoterpenoid biosynthesis,map00902
Metabolism,Metabolism of terpenoids and polyketides,Sesquiterpenoid and triterpenoid biosynthesis,map00909
Metabolism,Metabolism of terpenoids and polyketides,Diterpenoid biosynthesis,map00904
Metabolism,Metabolism of terpenoids and polyketides,Carotenoid biosynthesis,map00906
Metabolism,Metabolism of terpenoids and polyketides,Brassinosteroid biosynthesis,map00905
Metabolism,Metabolism of terpenoids and polyketides,Insect hormone biosynthesis,map00981
Metabolism,Metabolism of terpenoids and polyketides,Zeatin biosynthesis,map00908
Metabolism,Metabolism of terpenoids and polyketides,Limonene degradation,map00903
Metabolism,Metabolism of terpenoids and polyketides,"Pinene, camphor and geraniol degradation",map00907
Metabolism,Metabolism of terpenoids and polyketides,Type I polyketide structures,map01052
Metabolism,Metabolism of terpenoids and polyketides,"Biosynthesis of 12-, 14- and 16-membered macrolides",map00522
Metabolism,Metabolism of terpenoids and polyketides,Biosynthesis of ansamycins,map01051
Metabolism,Metabolism of terpenoids and polyketides,Biosynthesis of enediyne antibiotics,map01059
Metabolism,Metabolism of terpenoids and polyketides,Biosynthesis of type II polyketide backbone,map01056
Metabolism,Metabolism of terpenoids and polyketides,Biosynthesis of type II polyketide products,map01057
Metabolism,Metabolism of terpenoids and polyketides,Tetracycline biosynthesis,map00253
Metabolism,Metabolism of terpenoids and polyketides,Polyketide sugar unit biosynthesis,map00523
Metabolism,Metabolism of terpenoids and polyketides,Nonribosomal peptide structures,map01054
Metabolism,Metabolism of terpenoids and polyketides,Biosynthesis of siderophore group nonribosomal peptides,map01053
Metabolism,Metabolism of terpenoids and polyketides,Biosynthesis of vancomycin group antibiotics,map01055
Metabolism,Biosynthesis of other secondary metabolites,Phenylpropanoid biosynthesis,map00940
Metabolism,Biosynthesis of other secondary metabolites,"Stilbenoid, diarylheptanoid and gingerol biosynthesis",map00945
Metabolism,Biosynthesis of other secondary metabolites,Flavonoid biosynthesis,map00941
Metabolism,Biosynthesis of other secondary metabolites,Flavone and flavonol biosynthesis,map00944
Metabolism,Biosynthesis of other secondary metabolites,Anthocyanin biosynthesis,map00942
Metabolism,Biosynthesis of other secondary metabolites,Isoflavonoid biosynthesis,map00943
Metabolism,Biosynthesis of other secondary metabolites,Degradation of flavonoids,map00946
Metabolism,Biosynthesis of other secondary metabolites,Indole alkaloid biosynthesis,map00901
Metabolism,Biosynthesis of other secondary metabolites,Indole diterpene alkaloid biosynthesis,map00403
Metabolism,Biosynthesis of other secondary metabolites,Isoquinoline alkaloid biosynthesis,map00950
Metabolism,Biosynthesis of other secondary metabolites,"Tropane, piperidine and pyridine alkaloid biosynthesis",map00960
Metabolism,Biosynthesis of other secondary metabolites,Biosynthesis of various alkaloids,map00996
Metabolism,Biosynthesis of other secondary metabolites,Caffeine metabolism,map00232
Metabolism,Biosynthesis of other secondary metabolites,Betalain biosynthesis,map00965
Metabolism,Biosynthesis of other secondary metabolites,Glucosinolate biosynthesis,map00966
Metabolism,Biosynthesis of other secondary metabolites,Benzoxazinoid biosynthesis,map00402
Metabolism,Biosynthesis of other secondary metabolites,Penicillin and cephalosporin biosynthesis,map00311
Metabolism,Biosynthesis of other secondary metabolites,Carbapenem biosynthesis,map00332
Metabolism,Biosynthesis of other secondary metabolites,Monobactam biosynthesis,map00261
Metabolism,Biosynthesis of other secondary metabolites,Clavulanic acid biosynthesis,map00331
Metabolism,Biosynthesis of other secondary metabolites,Streptomycin biosynthesis,map00521
Metabolism,Biosynthesis of other secondary metabolites,"Neomycin, kanamycin and gentamicin biosynthesis",map00524
Metabolism,Biosynthesis of other secondary metabolites,Acarbose and validamycin biosynthesis,map00525
Metabolism,Biosynthesis of other secondary metabolites,Novobiocin biosynthesis,map00401
Metabolism,Biosynthesis of other secondary metabolites,Staurosporine biosynthesis,map00404
Metabolism,Biosynthesis of other secondary metabolites,Phenazine biosynthesis,map00405
Metabolism,Biosynthesis of other secondary metabolites,Prodigiosin biosynthesis,map00333
Metabolism,Biosynthesis of other secondary metabolites,Aflatoxin biosynthesis,map00254
Metabolism,Biosynthesis of other secondary metabolites,Biosynthesis of various antibiotics,map00998
Metabolism,Biosynthesis of other secondary metabolites,Biosynthesis of various plant secondary metabolites,map00999
Metabolism,Biosynthesis of other secondary metabolites,Biosynthesis of various other secondary metabolites,map00997
Metabolism,Xenobiotics biodegradation and metabolism,Benzoate degradation,map00362
Metabolism,Xenobiotics biodegradation and metabolism,Aminobenzoate degradation,map00627
Metabolism,Xenobiotics biodegradation and metabolism,Fluorobenzoate degradation,map00364
Metabolism,Xenobiotics biodegradation and metabolism,Chloroalkane and chloroalkene degradation,map00625
Metabolism,Xenobiotics biodegradation and metabolism,Chlorocyclohexane and chlorobenzene degradation,map00361
Metabolism,Xenobiotics biodegradation and metabolism,Toluene degradation,map00623
Metabolism,Xenobiotics biodegradation and metabolism,Xylene degradation,map00622
Metabolism,Xenobiotics biodegradation and metabolism,Nitrotoluene degradation,map00633
Metabolism,Xenobiotics biodegradation and metabolism,Ethylbenzene degradation,map00642
Metabolism,Xenobiotics biodegradation and metabolism,Styrene degradation,map00643
Metabolism,Xenobiotics biodegradation and metabolism,Atrazine degradation,map00791
Metabolism,Xenobiotics biodegradation and metabolism,Caprolactam degradation,map00930
Metabolism,Xenobiotics biodegradation and metabolism,Bisphenol degradation,map00363
Metabolism,Xenobiotics biodegradation and metabolism,Dioxin degradation,map00621
Metabolism,Xenobiotics biodegradation and metabolism,Naphthalene degradation,map00626
Metabolism,Xenobiotics biodegradation and metabolism,Polycyclic aromatic hydrocarbon degradation,map00624
Metabolism,Xenobiotics biodegradation and metabolism,Furfural degradation,map00365
Metabolism,Xenobiotics biodegradation and metabolism,Steroid degradation,map00984
Metabolism,Xenobiotics biodegradation and metabolism,Metabolism of xenobiotics by cytochrome P450,map00980
Metabolism,Xenobiotics biodegradation and metabolism,Drug metabolism - cytochrome P450,map00982
Metabolism,Xenobiotics biodegradation and metabolism,Drug metabolism - other enzymes,map00983
Metabolism,Chemical structure transformation maps,Overview of biosynthetic pathways,map01010
Metabolism,Chemical structure transformation maps,Biosynthesis of plant secondary metabolites,map01060
Metabolism,Chemical structure transformation maps,Biosynthesis of phenylpropanoids,map01061
Metabolism,Chemical structure transformation maps,Biosynthesis of terpenoids and steroids,map01062
Metabolism,Chemical structure transformation maps,Biosynthesis of alkaloids derived from shikimate pathway,map01063
Metabolism,Chemical structure transformation maps,"Biosynthesis of alkaloids derived from ornithine, lysine and nicotinic acid",map01064
Metabolism,Chemical structure transformation maps,Biosynthesis of alkaloids derived from histidine and purine,map01065
Metabolism,Chemical structure transformation maps,Biosynthesis of alkaloids derived from terpenoid and polyketide,map01066
Metabolism,Chemical structure transformation maps,Biosynthesis of plant hormones,map01070
Genetic Information Processing,Transcription,RNA polymerase,map03020
Genetic Information Processing,Transcription,Basal transcription factors,map03022
Genetic Information Processing,Transcription,Spliceosome,map03040
Genetic Information Processing,Translation,Ribosome,map03010
Genetic Information Processing,Translation,Aminoacyl-tRNA biosynthesis,map00970
Genetic Information Processing,Translation,Nucleocytoplasmic transport,map03013
Genetic Information Processing,Translation,mRNA surveillance pathway,map03015
Genetic Information Processing,Translation,Ribosome biogenesis in eukaryotes,map03008
Genetic Information Processing,"Folding, sorting and degradation",Protein export,map03060
Genetic Information Processing,"Folding, sorting and degradation",Protein processing in endoplasmic reticulum,map04141
Genetic Information Processing,"Folding, sorting and degradation",SNARE interactions in vesicular transport,map04130
Genetic Information Processing,"Folding, sorting and degradation",Ubiquitin mediated proteolysis,map04120
Genetic Information Processing,"Folding, sorting and degradation",Sulfur relay system,map04122
Genetic Information Processing,"Folding, sorting and degradation",Proteasome,map03050
Genetic Information Processing,"Folding, sorting and degradation",RNA degradation,map03018
Genetic Information Processing,Replication and repair,DNA replication,map03030
Genetic Information Processing,Replication and repair,Base excision repair,map03410
Genetic Information Processing,Replication and repair,Nucleotide excision repair,map03420
Genetic Information Processing,Replication and repair,Mismatch repair,map03430
Genetic Information Processing,Replication and repair,Homologous recombination,map03440
Genetic Information Processing,Replication and repair,Non-homologous end-joining,map03450
Genetic Information Processing,Replication and repair,Fanconi anemia pathway,map03460
Genetic Information Processing,Chromosome,ATP-dependent chromatin remodeling,map03082
Genetic Information Processing,Chromosome,Polycomb repressive complex,map03083
Genetic Information Processing,Information processing in viruses,Viral genome structure,map03230
Genetic Information Processing,Information processing in viruses,Viral replication,map03240
Genetic Information Processing,Information processing in viruses,Viral life cycle - HIV-1,map03250
Genetic Information Processing,Information processing in viruses,Virion - Human immunodeficiency virus,map03260
Genetic Information Processing,Information processing in viruses,Virion - Coronavirus,map03262
Genetic Information Processing,Information processing in viruses,Virion - Influenza A virus,map03261
Genetic Information Processing,Information processing in viruses,Virion - Enterovirus,map03263
Genetic Information Processing,Information processing in viruses,Virion - Flavivirus,map03264
Genetic Information Processing,Information processing in viruses,Virion - Lyssavirus,map03265
Genetic Information Processing,Information processing in viruses,Virion - Herpesvirus,map03266
Genetic Information Processing,Information processing in viruses,Virion - Orthopoxvirus,map03268
Genetic Information Processing,Information processing in viruses,Virion - Adenovirus,map03267
Genetic Information Processing,Information processing in viruses,Virion - Bacteriophage T4,map03269
Environmental Information Processing,Membrane transport,ABC transporters,map02010
Environmental Information Processing,Membrane transport,Phosphotransferase system (PTS),map02060
Environmental Information Processing,Membrane transport,Bacterial secretion system,map03070
Environmental Information Processing,Signal transduction,Two-component system,map02020
Environmental Information Processing,Signal transduction,MAPK signaling pathway,map04010
Environmental Information Processing,Signal transduction,MAPK signaling pathway - fly,map04013
Environmental Information Processing,Signal transduction,MAPK signaling pathway - plant,map04016
Environmental Information Processing,Signal transduction,MAPK signaling pathway - yeast,map04011
Environmental Information Processing,Signal transduction,ErbB signaling pathway,map04012
Environmental Information Processing,Signal transduction,Ras signaling pathway,map04014
Environmental Information Processing,Signal transduction,Rap1 signaling pathway,map04015
Environmental Information Processing,Signal transduction,Wnt signaling pathway,map04310
Environmental Information Processing,Signal transduction,Notch signaling pathway,map04330
Environmental Information Processing,Signal transduction,Hedgehog signaling pathway,map04340
Environmental Information Processing,Signal transduction,Hedgehog signaling pathway - fly,map04341
Environmental Information Processing,Signal transduction,TGF-beta signaling pathway,map04350
Environmental Information Processing,Signal transduction,Hippo signaling pathway,map04390
Environmental Information Processing,Signal transduction,Hippo signaling pathway - fly,map04391
Environmental Information Processing,Signal transduction,Hippo signaling pathway - multiple species,map04392
Environmental Information Processing,Signal transduction,VEGF signaling pathway,map04370
Environmental Information Processing,Signal transduction,Apelin signaling pathway,map04371
Environmental Information Processing,Signal transduction,JAK-STAT signaling pathway,map04630
Environmental Information Processing,Signal transduction,NF-kappa B signaling pathway,map04064
Environmental Information Processing,Signal transduction,TNF signaling pathway,map04668
Environmental Information Processing,Signal transduction,HIF-1 signaling pathway,map04066
Environmental Information Processing,Signal transduction,FoxO signaling pathway,map04068
Environmental Information Processing,Signal transduction,Calcium signaling pathway,map04020
Environmental Information Processing,Signal transduction,Phosphatidylinositol signaling system,map04070
Environmental Information Processing,Signal transduction,Phospholipase D signaling pathway,map04072
Environmental Information Processing,Signal transduction,Sphingolipid signaling pathway,map04071
Environmental Information Processing,Signal transduction,cAMP signaling pathway,map04024
Environmental Information Processing,Signal transduction,cGMP-PKG signaling pathway,map04022
Environmental Information Processing,Signal transduction,PI3K-Akt signaling pathway,map04151
Environmental Information Processing,Signal transduction,AMPK signaling pathway,map04152
Environmental Information Processing,Signal transduction,mTOR signaling pathway,map04150
Environmental Information Processing,Signal transduction,Plant hormone signal transduction,map04075
Environmental Information Processing,Signaling molecules and interaction,Neuroactive ligand-receptor interaction,map04080
Environmental Information Processing,Signaling molecules and interaction,Cytokine-cytokine receptor interaction,map04060
Environmental Information Processing,Signaling molecules and interaction,Viral protein interaction with cytokine and cytokine receptor,map04061
Environmental Information Processing,Signaling molecules and interaction,ECM-receptor interaction,map04512
Environmental Information Processing,Signaling molecules and interaction,Cell adhesion molecules,map04514
Cellular Processes,Transport and catabolism,Endocytosis,map04144
Cellular Processes,Transport and catabolism,Phagosome,map04145
Cellular Processes,Transport and catabolism,Lysosome,map04142
Cellular Processes,Transport and catabolism,Peroxisome,map04146
Cellular Processes,Transport and catabolism,Autophagy - animal,map04140
Cellular Processes,Transport and catabolism,Autophagy - yeast,map04138
Cellular Processes,Transport and catabolism,Autophagy - other,map04136
Cellular Processes,Transport and catabolism,Mitophagy - animal,map04137
Cellular Processes,Transport and catabolism,Mitophagy - yeast,map04139
Cellular Processes,Cell growth and death,Cell cycle,map04110
Cellular Processes,Cell growth and death,Cell cycle - yeast,map04111
Cellular Processes,Cell growth and death,Cell cycle - Caulobacter,map04112
Cellular Processes,Cell growth and death,Meiosis - yeast,map04113
Cellular Processes,Cell growth and death,Oocyte meiosis,map04114
Cellular Processes,Cell growth and death,Apoptosis,map04210
Cellular Processes,Cell growth and death,Apoptosis - fly,map04214
Cellular Processes,Cell growth and death,Apoptosis - multiple species,map04215
Cellular Processes,Cell growth and death,Ferroptosis,map04216
Cellular Processes,Cell growth and death,Necroptosis,map04217
Cellular Processes,Cell growth and death,p53 signaling pathway,map04115
Cellular Processes,Cell growth and death,Cellular senescence,map04218
Cellular Processes,Cellular community - eukaryotes,Focal adhesion,map04510
Cellular Processes,Cellular community - eukaryotes,Adherens junction,map04520
Cellular Processes,Cellular community - eukaryotes,Tight junction,map04530
Cellular Processes,Cellular community - eukaryotes,Gap junction,map04540
Cellular Processes,Cellular community - eukaryotes,Signaling pathways regulating pluripotency of stem cells,map04550
Cellular Processes,Cellular community - prokaryotes,Quorum sensing,map02024
Cellular Processes,Cellular community - prokaryotes,Biofilm formation - Vibrio cholerae,map05111
Cellular Processes,Cellular community - prokaryotes,Biofilm formation - Pseudomonas aeruginosa,map02025
Cellular Processes,Cellular community - prokaryotes,Biofilm formation - Escherichia coli,map02026
Cellular Processes,Cell motility,Bacterial chemotaxis,map02030
Cellular Processes,Cell motility,Flagellar assembly,map02040
Cellular Processes,Cell motility,Motor proteins,map04814
Cellular Processes,Cell motility,Regulation of actin cytoskeleton,map04810
Organismal Systems,Immune system,Hematopoietic cell lineage,map04640
Organismal Systems,Immune system,Complement and coagulation cascades,map04610
Organismal Systems,Immune system,Platelet activation,map04611
Organismal Systems,Immune system,Neutrophil extracellular trap formation,map04613
Organismal Systems,Immune system,Toll-like receptor signaling pathway,map04620
Organismal Systems,Immune system,Toll and Imd signaling pathway,map04624
Organismal Systems,Immune system,NOD-like receptor signaling pathway,map04621
Organismal Systems,Immune system,RIG-I-like receptor signaling pathway,map04622
Organismal Systems,Immune system,Cytosolic DNA-sensing pathway,map04623
Organismal Systems,Immune system,C-type lectin receptor signaling pathway,map04625
Organismal Systems,Immune system,Natural killer cell mediated cytotoxicity,map04650
Organismal Systems,Immune system,Antigen processing and presentation,map04612
Organismal Systems,Immune system,T cell receptor signaling pathway,map04660
Organismal Systems,Immune system,Th1 and Th2 cell differentiation,map04658
Organismal Systems,Immune system,Th17 cell differentiation,map04659
Organismal Systems,Immune system,IL-17 signaling pathway,map04657
Organismal Systems,Immune system,B cell receptor signaling pathway,map04662
Organismal Systems,Immune system,Fc epsilon RI signaling pathway,map04664
Organismal Systems,Immune system,Fc gamma R-mediated phagocytosis,map04666
Organismal Systems,Immune system,Leukocyte transendothelial migration,map04670
Organismal Systems,Immune system,Intestinal immune network for IgA production,map04672
Organismal Systems,Immune system,Chemokine signaling pathway,map04062
Organismal Systems,Endocrine system,Insulin secretion,map04911
Organismal Systems,Endocrine system,Insulin signaling pathway,map04910
Organismal Systems,Endocrine system,Glucagon signaling pathway,map04922
Organismal Systems,Endocrine system,Regulation of lipolysis in adipocytes,map04923
Organismal Systems,Endocrine system,Adipocytokine signaling pathway,map04920
Organismal Systems,Endocrine system,PPAR signaling pathway,map03320
Organismal Systems,Endocrine system,GnRH secretion,map04929
Organismal Systems,Endocrine system,GnRH signaling pathway,map04912
Organismal Systems,Endocrine system,Ovarian steroidogenesis,map04913
Organismal Systems,Endocrine system,Estrogen signaling pathway,map04915
Organismal Systems,Endocrine system,Progesterone-mediated oocyte maturation,map04914
Organismal Systems,Endocrine system,Prolactin signaling pathway,map04917
Organismal Systems,Endocrine system,Oxytocin signaling pathway,map04921
Organismal Systems,Endocrine system,Relaxin signaling pathway,map04926
Organismal Systems,Endocrine system,"Growth hormone synthesis, secretion and action",map04935
Organismal Systems,Endocrine system,Thyroid hormone synthesis,map04918
Organismal Systems,Endocrine system,Thyroid hormone signaling pathway,map04919
Organismal Systems,Endocrine system,"Parathyroid hormone synthesis, secretion and action",map04928
Organismal Systems,Endocrine system,Melanogenesis,map04916
Organismal Systems,Endocrine system,Renin secretion,map04924
Organismal Systems,Endocrine system,Renin-angiotensin system,map04614
Organismal Systems,Endocrine system,Aldosterone synthesis and secretion,map04925
Organismal Systems,Endocrine system,Cortisol synthesis and secretion,map04927
Organismal Systems,Circulatory system,Cardiac muscle contraction,map04260
Organismal Systems,Circulatory system,Adrenergic signaling in cardiomyocytes,map04261
Organismal Systems,Circulatory system,Vascular smooth muscle contraction,map04270
Organismal Systems,Digestive system,Salivary secretion,map04970
Organismal Systems,Digestive system,Gastric acid secretion,map04971
Organismal Systems,Digestive system,Pancreatic secretion,map04972
Organismal Systems,Digestive system,Bile secretion,map04976
Organismal Systems,Digestive system,Carbohydrate digestion and absorption,map04973
Organismal Systems,Digestive system,Protein digestion and absorption,map04974
Organismal Systems,Digestive system,Fat digestion and absorption,map04975
Organismal Systems,Digestive system,Cholesterol metabolism,map04979
Organismal Systems,Digestive system,Vitamin digestion and absorption,map04977
Organismal Systems,Digestive system,Mineral absorption,map04978
Organismal Systems,Excretory system,Vasopressin-regulated water reabsorption,map04962
Organismal Systems,Excretory system,Aldosterone-regulated sodium reabsorption,map04960
Organismal Systems,Excretory system,Endocrine and other factor-regulated calcium reabsorption,map04961
Organismal Systems,Excretory system,Proximal tubule bicarbonate reclamation,map04964
Organismal Systems,Excretory system,Collecting duct acid secretion,map04966
Organismal Systems,Nervous system,Glutamatergic synapse,map04724
Organismal Systems,Nervous system,GABAergic synapse,map04727
Organismal Systems,Nervous system,Cholinergic synapse,map04725
Organismal Systems,Nervous system,Dopaminergic synapse,map04728
Organismal Systems,Nervous system,Serotonergic synapse,map04726
Organismal Systems,Nervous system,Long-term potentiation,map04720
Organismal Systems,Nervous system,Long-term depression,map04730
Organismal Systems,Nervous system,Retrograde endocannabinoid signaling,map04723
Organismal Systems,Nervous system,Synaptic vesicle cycle,map04721
Organismal Systems,Nervous system,Neurotrophin signaling pathway,map04722
Organismal Systems,Sensory system,Phototransduction,map04744
Organismal Systems,Sensory system,Phototransduction - fly,map04745
Organismal Systems,Sensory system,Olfactory transduction,map04740
Organismal Systems,Sensory system,Taste transduction,map04742
Organismal Systems,Sensory system,Inflammatory mediator regulation of TRP channels,map04750
Organismal Systems,Development and regeneration,Dorso-ventral axis formation,map04320
Organismal Systems,Development and regeneration,Axon guidance,map04360
Organismal Systems,Development and regeneration,Axon regeneration,map04361
Organismal Systems,Development and regeneration,Osteoclast differentiation,map04380
Organismal Systems,Aging,Longevity regulating pathway,map04211
Organismal Systems,Aging,Longevity regulating pathway - worm,map04212
Organismal Systems,Aging,Longevity regulating pathway - multiple species,map04213
Organismal Systems,Environmental adaptation,Circadian rhythm,map04710
Organismal Systems,Environmental adaptation,Circadian entrainment,map04713
Organismal Systems,Environmental adaptation,Circadian rhythm - fly,map04711
Organismal Systems,Environmental adaptation,Circadian rhythm - plant,map04712
Organismal Systems,Environmental adaptation,Thermogenesis,map04714
Organismal Systems,Environmental adaptation,Plant-pathogen interaction,map04626
Human Diseases,Cancer: overview,Pathways in cancer,map05200
Human Diseases,Cancer: overview,Transcriptional misregulation in cancer,map05202
Human Diseases,Cancer: overview,MicroRNAs in cancer,map05206
Human Diseases,Cancer: overview,Proteoglycans in cancer,map05205
Human Diseases,Cancer: overview,Chemical carcinogenesis - DNA adducts,map05204
Human Diseases,Cancer: overview,Chemical carcinogenesis - receptor activation,map05207
Human Diseases,Cancer: overview,Chemical carcinogenesis - reactive oxygen species,map05208
Human Diseases,Cancer: overview,Viral carcinogenesis,map05203
Human Diseases,Cancer: overview,Central carbon metabolism in cancer,map05230
Human Diseases,Cancer: overview,Choline metabolism in cancer,map05231
Human Diseases,Cancer: overview,PD-L1 expression and PD-1 checkpoint pathway in cancer,map05235
Human Diseases,Cancer: specific types,Colorectal cancer,map05210
Human Diseases,Cancer: specific types,Pancreatic cancer,map05212
Human Diseases,Cancer: specific types,Hepatocellular carcinoma,map05225
Human Diseases,Cancer: specific types,Gastric cancer,map05226
Human Diseases,Cancer: specific types,Glioma,map05214
Human Diseases,Cancer: specific types,Thyroid cancer,map05216
Human Diseases,Cancer: specific types,Acute myeloid leukemia,map05221
Human Diseases,Cancer: specific types,Chronic myeloid leukemia,map05220
Human Diseases,Cancer: specific types,Basal cell carcinoma,map05217
Human Diseases,Cancer: specific types,Melanoma,map05218
Human Diseases,Cancer: specific types,Renal cell carcinoma,map05211
Human Diseases,Cancer: specific types,Bladder cancer,map05219
Human Diseases,Cancer: specific types,Prostate cancer,map05215
Human Diseases,Cancer: specific types,Endometrial cancer,map05213
Human Diseases,Cancer: specific types,Breast cancer,map05224
Human Diseases,Cancer: specific types,Small cell lung cancer,map05222
Human Diseases,Cancer: specific types,Non-small cell lung cancer,map05223
Human Diseases,Infectious disease: viral,Human T-cell leukemia virus 1 infection,map05166
Human Diseases,Infectious disease: viral,Human immunodeficiency virus 1 infection,map05170
Human Diseases,Infectious disease: viral,Hepatitis B,map05161
Human Diseases,Infectious disease: viral,Hepatitis C,map05160
Human Diseases,Infectious disease: viral,Coronavirus disease - COVID-19,map05171
Human Diseases,Infectious disease: viral,Influenza A,map05164
Human Diseases,Infectious disease: viral,Measles,map05162
Human Diseases,Infectious disease: viral,Herpes simplex virus 1 infection,map05168
Human Diseases,Infectious disease: viral,Human cytomegalovirus infection,map05163
Human Diseases,Infectious disease: viral,Kaposi sarcoma-associated herpesvirus infection,map05167
Human Diseases,Infectious disease: viral,Epstein-Barr virus infection,map05169
Human Diseases,Infectious disease: viral,Human papillomavirus infection,map05165
Human Diseases,Infectious disease: bacterial,Vibrio cholerae infection,map05110
Human Diseases,Infectious disease: bacterial,Epithelial cell signaling in Helicobacter pylori infection,map05120
Human Diseases,Infectious disease: bacterial,Pathogenic Escherichia coli infection,map05130
Human Diseases,Infectious disease: bacterial,Salmonella infection,map05132
Human Diseases,Infectious disease: bacterial,Shigellosis,map05131
Human Diseases,Infectious disease: bacterial,Yersinia infection,map05135
Human Diseases,Infectious disease: bacterial,Pertussis,map05133
Human Diseases,Infectious disease: bacterial,Legionellosis,map05134
Human Diseases,Infectious disease: bacterial,Staphylococcus aureus infection,map05150
Human Diseases,Infectious disease: bacterial,Tuberculosis,map05152
Human Diseases,Infectious disease: bacterial,Bacterial invasion of epithelial cells,map05100
Human Diseases,Infectious disease: parasitic,Amoebiasis,map05146
Human Diseases,Infectious disease: parasitic,Malaria,map05144
Human Diseases,Infectious disease: parasitic,Toxoplasmosis,map05145
Human Diseases,Infectious disease: parasitic,Leishmaniasis,map05140
Human Diseases,Infectious disease: parasitic,Chagas disease,map05142
Human Diseases,Infectious disease: parasitic,African trypanosomiasis,map05143
Human Diseases,Immune disease,Asthma,map05310
Human Diseases,Immune disease,Systemic lupus erythematosus,map05322
Human Diseases,Immune disease,Rheumatoid arthritis,map05323
Human Diseases,Immune disease,Autoimmune thyroid disease,map05320
Human Diseases,Immune disease,Inflammatory bowel disease,map05321
Human Diseases,Immune disease,Allograft rejection,map05330
Human Diseases,Immune disease,Graft-versus-host disease,map05332
Human Diseases,Immune disease,Primary immunodeficiency,map05340
Human Diseases,Neurodegenerative disease,Alzheimer disease,map05010
Human Diseases,Neurodegenerative disease,Parkinson disease,map05012
Human Diseases,Neurodegenerative disease,Amyotrophic lateral sclerosis,map05014
Human Diseases,Neurodegenerative disease,Huntington disease,map05016
Human Diseases,Neurodegenerative disease,Spinocerebellar ataxia,map05017
Human Diseases,Neurodegenerative disease,Prion disease,map05020
Human Diseases,Neurodegenerative disease,Pathways of neurodegeneration - multiple diseases,map05022
Human Diseases,Substance dependence,Cocaine addiction,map05030
Human Diseases,Substance dependence,Amphetamine addiction,map05031
Human Diseases,Substance dependence,Morphine addiction,map05032
Human Diseases,Substance dependence,Nicotine addiction,map05033
Human Diseases,Substance dependence,Alcoholism,map05034
Human Diseases,Cardiovascular disease,Lipid and atherosclerosis,map05417
Human Diseases,Cardiovascular disease,Fluid shear stress and atherosclerosis,map05418
Human Diseases,Cardiovascular disease,Hypertrophic cardiomyopathy,map05410
Human Diseases,Cardiovascular disease,Arrhythmogenic right ventricular cardiomyopathy,map05412
Human Diseases,Cardiovascular disease,Dilated cardiomyopathy,map05414
Human Diseases,Cardiovascular disease,Diabetic cardiomyopathy,map05415
Human Diseases,Cardiovascular disease,Viral myocarditis,map05416
Human Diseases,Endocrine and metabolic disease,Type II diabetes mellitus,map04930
Human Diseases,Endocrine and metabolic disease,Type I diabetes mellitus,map04940
Human Diseases,Endocrine and metabolic disease,Maturity onset diabetes of the young,map04950
Human Diseases,Endocrine and metabolic disease,Alcoholic liver disease,map04936
Human Diseases,Endocrine and metabolic disease,Non-alcoholic fatty liver disease,map04932
Human Diseases,Endocrine and metabolic disease,Insulin resistance,map04931
Human Diseases,Endocrine and metabolic disease,AGE-RAGE signaling pathway in diabetic complications,map04933
Human Diseases,Endocrine and metabolic disease,Cushing syndrome,map04934
Human Diseases,Drug resistance: antimicrobial,beta-Lactam resistance,map01501
Human Diseases,Drug resistance: antimicrobial,Vancomycin resistance,map01502
Human Diseases,Drug resistance: antimicrobial,Cationic antimicrobial peptide (CAMP) resistance,map01503
Human Diseases,Drug resistance: antineoplastic,EGFR tyrosine kinase inhibitor resistance,map01521
Human Diseases,Drug resistance: antineoplastic,Platinum drug resistance,map01524
Human Diseases,Drug resistance: antineoplastic,Antifolate resistance,map01523
Human Diseases,Drug resistance: antineoplastic,Endocrine resistance,map01522
Drug Development,Chronology: Antiinfectives,Penicillins,map07011
Drug Development,Chronology: Antiinfectives,Cephalosporins - parenteral agents,map07012
Drug Development,Chronology: Antiinfectives,Cephalosporins - oral agents,map07013
Drug Development,Chronology: Antiinfectives,Aminoglycosides,map07021
Drug Development,Chronology: Antiinfectives,Tetracyclines,map07019
Drug Development,Chronology: Antiinfectives,Macrolides and ketolides,map07020
Drug Development,Chronology: Antiinfectives,Quinolones,map07014
Drug Development,Chronology: Antiinfectives,Rifamycins,map07023
Drug Development,Chronology: Antiinfectives,Antifungal agents,map07026
Drug Development,Chronology: Antiinfectives,Antiviral agents,map07044
Drug Development,Chronology: Antiinfectives,Anti-HIV agents,map07053
Drug Development,Chronology: Antineoplastics,Antineoplastics - alkylating agents,map07040
Drug Development,Chronology: Antineoplastics,Antineoplastics - antimetabolic agents,map07041
Drug Development,Chronology: Antineoplastics,Antineoplastics - agents from natural products,map07042
Drug Development,Chronology: Antineoplastics,Antineoplastics - hormones,map07043
Drug Development,Chronology: Antineoplastics,Antineoplastics - protein kinase inhibitors,map07045
Drug Development,Chronology: Nervous system agents,Hypnotics,map07032
Drug Development,Chronology: Nervous system agents,Anxiolytics,map07030
Drug Development,Chronology: Nervous system agents,Anticonvulsants,map07033
Drug Development,Chronology: Nervous system agents,Local analgesics,map07015
Drug Development,Chronology: Nervous system agents,Opioid analgesics,map07039
Drug Development,Chronology: Nervous system agents,Antipsychotics,map07028
Drug Development,Chronology: Nervous system agents,Antipsychotics - phenothiazines,map07029
Drug Development,Chronology: Nervous system agents,Antipsychotics - butyrophenones,map07031
Drug Development,Chronology: Nervous system agents,Antidepressants,map07027
Drug Development,Chronology: Nervous system agents,Agents for Alzheimer-type dementia,map07056
Drug Development,Chronology: Nervous system agents,Antiparkinsonian agents,map07057
Drug Development,Chronology: Other drugs,Sulfonamide derivatives - overview,map07055
Drug Development,Chronology: Other drugs,Sulfonamide derivatives - sulfa drugs,map07016
Drug Development,Chronology: Other drugs,Sulfonamide derivatives - diuretics,map07017
Drug Development,Chronology: Other drugs,Sulfonamide derivatives - hypoglycemic agents,map07018
Drug Development,Chronology: Other drugs,Antiarrhythmic drugs,map07037
Drug Development,Chronology: Other drugs,Antiulcer drugs,map07038
Drug Development,Chronology: Other drugs,Immunosuppressive agents,map07046
Drug Development,Chronology: Other drugs,Osteoporosis drugs,map07047
Drug Development,Chronology: Other drugs,Antimigraines,map07048
Drug Development,Chronology: Other drugs,Antithrombosis agents,map07049
Drug Development,Chronology: Other drugs,Antirheumatics - DMARDs and biological agents,map07050
Drug Development,Chronology: Other drugs,Antidiabetics,map07051
Drug Development,Chronology: Other drugs,Antidyslipidemic agents,map07052
Drug Development,Chronology: Other drugs,Antiglaucoma agents,map07054
Drug Development,Target-based classification: G protein-coupled receptors,Cholinergic and anticholinergic drugs,map07220
Drug Development,Target-based classification: G protein-coupled receptors,alpha-Adrenergic receptor agonists/antagonists,map07215
Drug Development,Target-based classification: G protein-coupled receptors,beta-Adrenergic receptor agonists/antagonists,map07214
Drug Development,Target-based classification: G protein-coupled receptors,Dopamine receptor agonists/antagonists,map07213
Drug Development,Target-based classification: G protein-coupled receptors,Histamine H1 receptor antagonists,map07212
Drug Development,Target-based classification: G protein-coupled receptors,Histamine H2/H3 receptor agonists/antagonists,map07227
Drug Development,Target-based classification: G protein-coupled receptors,Serotonin receptor agonists/antagonists,map07211
Drug Development,Target-based classification: G protein-coupled receptors,Eicosanoid receptor agonists/antagonists,map07228
Drug Development,Target-based classification: G protein-coupled receptors,Opioid receptor agonists/antagonists,map07224
Drug Development,Target-based classification: G protein-coupled receptors,Angiotensin receptor and endothelin receptor antagonists,map07229
Drug Development,Target-based classification: Nuclear receptors,Glucocorticoid and mineralocorticoid receptor agonists/antagonists,map07225
Drug Development,Target-based classification: Nuclear receptors,"Progesterone, androgen and estrogen receptor agonists/antagonists",map07226
Drug Development,Target-based classification: Nuclear receptors,Retinoic acid receptor (RAR) and retinoid X receptor (RXR) agonists/antagonists,map07223
Drug Development,Target-based classification: Nuclear receptors,Peroxisome proliferator-activated receptor (PPAR) agonists,map07222
Drug Development,Target-based classification: Ion channels,Nicotinic cholinergic receptor antagonists,map07221
Drug Development,Target-based classification: Ion channels,GABA-A receptor agonists/antagonists,map07230
Drug Development,Target-based classification: Ion channels,Calcium channel blocking drugs,map07036
Drug Development,Target-based classification: Ion channels,Sodium channel blocking drugs,map07231
Drug Development,Target-based classification: Ion channels,Potassium channel blocking and opening drugs,map07232
Drug Development,Target-based classification: Ion channels,N-Methyl-D-aspartic acid (NMDA) receptor antagonists,map07235
Drug Development,Target-based classification: Transporters,Ion transporter inhibitors,map07233
Drug Development,Target-based classification: Transporters,Neurotransmitter transporter inhibitors,map07234
Drug Development,Target-based classification: Enzymes,Catecholamine transferase inhibitors,map07216
Drug Development,Target-based classification: Enzymes,Cyclooxygenase inhibitors,map07219
Drug Development,Target-based classification: Enzymes,HMG-CoA reductase inhibitors,map07024
Drug Development,Target-based classification: Enzymes,Renin-angiotensin system inhibitors,map07217
Drug Development,Target-based classification: Enzymes,HIV protease inhibitors,map07218
Drug Development,Structure-based classification,Quinolines,map07025
Drug Development,Structure-based classification,Eicosanoids,map07034
Drug Development,Structure-based classification,Prostaglandins,map07035
Drug Development,Skeleton-based classification,Benzoic acid family,map07110
Drug Development,Skeleton-based classification,"1,2-Diphenyl substitution family",map07112
Drug Development,Skeleton-based classification,Naphthalene family,map07114
Drug Development,Skeleton-based classification,Benzodiazepine family,map07117